Race,Division,Gender,Rank Overall,Rank Age Group,Name,Nation,Age Group,Total Time
2026 Nice,HYROX PRO DOUBLES - Overall,Men,1,1,"Quentin Garel, Alan Cao",,30-34,00:50:02
2026 Nice,HYROX PRO DOUBLES - Overall,Men,2,2,"Dimitry Martins, Olivier Jouve",,30-34,00:51:13
2026 Nice,HYROX PRO DOUBLES - Overall,Men,3,1,"Thomas Dubost, Tommy Valentin",,25-29,00:51:23
2026 Nice,HYROX PRO DOUBLES - Overall,Men,4,3,"Quentin Pingliez, Thomas Fry",,30-34,00:52:01
2026 Nice,HYROX PRO DOUBLES - Overall,Men,5,1,"Guillaume Levoy, Joffrey Voisin",,40-44,00:52:05
2026 Nice,HYROX PRO DOUBLES - Overall,Men,6,4,"Théo Kis, Mehdi Dergaoui",,30-34,00:52:11
2026 Nice,HYROX PRO DOUBLES - Overall,Men,7,2,"Romain Serveaux, Thibaud Nael",,40-44,00:52:48
2026 Nice,HYROX PRO DOUBLES - Overall,Men,8,5,"Camil Haddadi, Gruson Dylan",,30-34,00:53:48
2026 Nice,HYROX PRO DOUBLES - Overall,Men,9,1,"Thibaut Morgado Da Costa, Eliott Goi",,35-39,00:53:59
2026 Nice,HYROX PRO DOUBLES - Overall,Men,10,1,"Alexandre Poch, Bilal Qobaa",,16-24,00:54:31
2026 Nice,HYROX PRO DOUBLES - Overall,Men,11,3,"João Sousa, Vitor Santos",,40-44,00:54:56
2026 Nice,HYROX PRO DOUBLES - Overall,Men,12,2,"Florian Mille, Evan Marion",,25-29,00:55:44
2026 Nice,HYROX PRO DOUBLES - Overall,Men,13,6,"Thomas Fry, Olivier Jacquin",,30-34,00:55:54
2026 Nice,HYROX PRO DOUBLES - Overall,Men,14,3,"Benjamin Borello, Paul Ligier",,25-29,00:56:02
2026 Nice,HYROX PRO DOUBLES - Overall,Men,15,4,"Choaib Benchaoub, Quentin Amouret",,25-29,00:56:50
2026 Nice,HYROX PRO DOUBLES - Overall,Men,16,5,"Victor Gueguen, Thomas Gueguen",,25-29,00:56:52
2026 Nice,HYROX PRO DOUBLES - Overall,Men,17,2,"Enrique Dubut, Louis Thomas",,35-39,00:56:52
2026 Nice,HYROX PRO DOUBLES - Overall,Men,18,3,"Robert Hobbs, Ryan Gackowski",,35-39,00:56:54
2026 Nice,HYROX PRO DOUBLES - Overall,Men,19,7,"Maxime Krantz, Issam Moatassim",,30-34,00:56:54
2026 Nice,HYROX PRO DOUBLES - Overall,Men,20,6,"Marc Chevrolais, Melvyn Besnard",,25-29,00:57:12
2026 Nice,HYROX PRO DOUBLES - Overall,Men,21,4,"Julien Lebret, Sébastien Laurent",,40-44,00:57:15
2026 Nice,HYROX PRO DOUBLES - Overall,Men,22,8,"Rémi Garranger, Youssef Oulehri",,30-34,00:57:15
2026 Nice,HYROX PRO DOUBLES - Overall,Men,23,4,"Stephane Clair, Michael Yvart",,35-39,00:57:17
2026 Nice,HYROX PRO DOUBLES - Overall,Men,24,9,"Mehdi Martin, Maxime Robert",,30-34,00:57:31
2026 Nice,HYROX PRO DOUBLES - Overall,Men,25,1,"Olivier Fernandez, Jean Patrick Delhaye",,45-49,00:57:36
2026 Nice,HYROX PRO DOUBLES - Overall,Men,26,7,"Kevin Lasserre, Damien Lasserre",,25-29,00:57:51
2026 Nice,HYROX PRO DOUBLES - Overall,Men,27,2,"Luka Lefebvre, Gregoire Bouvarel",,16-24,00:57:56
2026 Nice,HYROX PRO DOUBLES - Overall,Men,28,5,"Pierre Huiban, Fabien Cosmao",,35-39,00:57:57
2026 Nice,HYROX PRO DOUBLES - Overall,Men,29,8,"Erik Karlsson, Brian Courtney",,25-29,00:57:58
2026 Nice,HYROX PRO DOUBLES - Overall,Men,30,10,"Aymeric Menard, Maxence Dodu",,30-34,00:57:59
2026 Nice,HYROX PRO DOUBLES - Overall,Men,31,9,"Conor Harkness, Maxime Halaoui",,25-29,00:58:06
2026 Nice,HYROX PRO DOUBLES - Overall,Men,32,10,"Valentin Boulanger, Hugo Grimaudo",,25-29,00:58:09
2026 Nice,HYROX PRO DOUBLES - Overall,Men,33,6,"Adrien Gomez, Maxence Roger",,35-39,00:58:13
2026 Nice,HYROX PRO DOUBLES - Overall,Men,34,11,"Aubin Mallard, Benjamin Jaulent",,25-29,00:58:15
2026 Nice,HYROX PRO DOUBLES - Overall,Men,35,7,"Benjamin Krieguer, William Rebischung",,35-39,00:58:27
2026 Nice,HYROX PRO DOUBLES - Overall,Men,36,12,"Tanguy Billon, Arthur Lecras",,25-29,00:58:30
2026 Nice,HYROX PRO DOUBLES - Overall,Men,37,11,"Nicolò Gattorna, Fadel Ndiaye",,30-34,00:58:44
2026 Nice,HYROX PRO DOUBLES - Overall,Men,38,5,"Hugues Dormoy, Benoist Herfort",,40-44,00:58:46
2026 Nice,HYROX PRO DOUBLES - Overall,Men,39,13,"Anthony Kromwel, Nicolas Torre",,25-29,00:58:49
2026 Nice,HYROX PRO DOUBLES - Overall,Men,40,14,"Alexandre Meurant, Antonio Hoff",,25-29,00:58:53
2026 Nice,HYROX PRO DOUBLES - Overall,Men,41,12,"Filipp Occelli, Lucas Revol Bourgeois",,30-34,00:58:53
2026 Nice,HYROX PRO DOUBLES - Overall,Men,42,15,"Cameron Hill, Harley Faulkes",,25-29,00:58:53
2026 Nice,HYROX PRO DOUBLES - Overall,Men,43,13,"Steven Dodeuil, Pierre Audoubert",,30-34,00:58:54
2026 Nice,HYROX PRO DOUBLES - Overall,Men,44,3,"Owen Chesneau, Antoine Coetmellec",,16-24,00:58:56
2026 Nice,HYROX PRO DOUBLES - Overall,Men,45,14,"Hubert Dumez, Jordan Lavocat",,30-34,00:58:57
2026 Nice,HYROX PRO DOUBLES - Overall,Men,46,1,"Ivan Silva, Vitor Correia",,50-54,00:58:59
2026 Nice,HYROX PRO DOUBLES - Overall,Men,47,15,"Paul Roetynck, Josselin Pecout",,30-34,00:59:05
2026 Nice,HYROX PRO DOUBLES - Overall,Men,48,16,"Eloi Leynaud, Willy Bunod",,30-34,00:59:07
2026 Nice,HYROX PRO DOUBLES - Overall,Men,49,16,"Claudio Viviani, Luca Pera",,25-29,00:59:09
2026 Nice,HYROX PRO DOUBLES - Overall,Men,50,8,"Benjamin Rupied, Olivier Refus",,35-39,00:59:13
2026 Nice,HYROX PRO DOUBLES - Overall,Men,51,6,"Albert Hoeger, Yannick Blanc",,40-44,00:59:13
2026 Nice,HYROX PRO DOUBLES - Overall,Men,52,17,"Clément Ruiz, Stévenn Boulaire",,30-34,00:59:21
2026 Nice,HYROX PRO DOUBLES - Overall,Men,53,4,"Matteo Couturier, Lucas Morisson",,16-24,00:59:25
2026 Nice,HYROX PRO DOUBLES - Overall,Men,54,17,"Mael Enjolras, guillaume Cheyssial",,25-29,00:59:28
2026 Nice,HYROX PRO DOUBLES - Overall,Men,55,18,"Loan Queffelec, Sylvain Blachier",,30-34,00:59:29
2026 Nice,HYROX PRO DOUBLES - Overall,Men,56,5,"Gaspard Pacewicz, Jocelyn Pacewicz",,16-24,00:59:31
2026 Nice,HYROX PRO DOUBLES - Overall,Men,57,9,"Julien Gazaix, Remi Rouviere",,35-39,00:59:38
2026 Nice,HYROX PRO DOUBLES - Overall,Men,58,10,"Antoine Goudinoux, Anthony Courault",,35-39,00:59:44
2026 Nice,HYROX PRO DOUBLES - Overall,Men,59,18,"Anthony Jacques, Enzo Tola",,25-29,00:59:48
2026 Nice,HYROX PRO DOUBLES - Overall,Men,60,7,"Loic Rueff, Marc Cervera",,40-44,00:59:51
2026 Nice,HYROX PRO DOUBLES - Overall,Men,61,19,"Jean René Pouzin, Romain Branly",,30-34,00:59:57
2026 Nice,HYROX PRO DOUBLES - Overall,Men,62,8,"Yassine El Mossadeq, Hecham Belaidi",,40-44,00:59:58
2026 Nice,HYROX PRO DOUBLES - Overall,Men,63,20,"William Occhipinti, Fabio Poiré",,30-34,01:00:00
2026 Nice,HYROX PRO DOUBLES - Overall,Men,64,21,"Lennart Hein, David Andre",,30-34,01:00:07
2026 Nice,HYROX PRO DOUBLES - Overall,Men,65,11,"Arnaud Jeunet, Thomas Lafay",,35-39,01:00:09
2026 Nice,HYROX PRO DOUBLES - Overall,Men,66,12,"Faisal Abdalla, Clement Huber",,35-39,01:00:21
2026 Nice,HYROX PRO DOUBLES - Overall,Men,67,9,"Stéphane Fernandez, Gaspard Bui",,40-44,01:00:22
2026 Nice,HYROX PRO DOUBLES - Overall,Men,68,10,"Laurent Fatela, Romain Marchese",,40-44,01:00:23
2026 Nice,HYROX PRO DOUBLES - Overall,Men,69,19,"Swami Fontaine, Maxime Celet",,25-29,01:00:27
2026 Nice,HYROX PRO DOUBLES - Overall,Men,70,20,"Alexis Bouchet, Thomas Pougnet",,25-29,01:00:28
2026 Nice,HYROX PRO DOUBLES - Overall,Men,71,22,"Quentin Belmonte, Sébastien Normand",,30-34,01:00:32
2026 Nice,HYROX PRO DOUBLES - Overall,Men,72,23,"Lucas Beuvelet, Alexandre Langlais",,30-34,01:00:34
2026 Nice,HYROX PRO DOUBLES - Overall,Men,73,24,"Jorick De Barros, Baptiste Van Ceslt",,30-34,01:00:35
2026 Nice,HYROX PRO DOUBLES - Overall,Men,74,21,"Kevin Jacques, Lucas Jacques",,25-29,01:00:43
2026 Nice,HYROX PRO DOUBLES - Overall,Men,75,13,"Thibaut Désiré, Quentin Nantois",,35-39,01:00:46
2026 Nice,HYROX PRO DOUBLES - Overall,Men,76,25,"Romain Babeau, Arnaud Gonzalez",,30-34,01:00:48
2026 Nice,HYROX PRO DOUBLES - Overall,Men,77,26,"Mathieu Cabanie, Jeremy Serres",,30-34,01:00:55
2026 Nice,HYROX PRO DOUBLES - Overall,Men,78,22,"Sacha Desvilette, Antonin Da Silva",,25-29,01:00:56
2026 Nice,HYROX PRO DOUBLES - Overall,Men,79,23,"Maxime Dugier, Camille Crest",,25-29,01:01:00
2026 Nice,HYROX PRO DOUBLES - Overall,Men,80,24,"Axel Boughar, Bryan Dainotto",,25-29,01:01:02
2026 Nice,HYROX PRO DOUBLES - Overall,Men,81,6,"Mathieu Varoquier, Dylan Ori",,16-24,01:01:02
2026 Nice,HYROX PRO DOUBLES - Overall,Men,82,11,"Rudy Fernane, Clément VUATTIER",,40-44,01:01:05
2026 Nice,HYROX PRO DOUBLES - Overall,Men,83,25,"Julien Todesco, Dimitri Merlant",,25-29,01:01:07
2026 Nice,HYROX PRO DOUBLES - Overall,Men,84,26,"Yoann Lentz, Sebastien Bouchet",,25-29,01:01:08
2026 Nice,HYROX PRO DOUBLES - Overall,Men,85,27,"Guillaume Dutheil, Julien Arrieta",,25-29,01:01:14
2026 Nice,HYROX PRO DOUBLES - Overall,Men,86,27,"Valentin Ambrosino, Fabien Nguyen",,30-34,01:01:30
2026 Nice,HYROX PRO DOUBLES - Overall,Men,87,28,"Élie Jeune, Léo Lepetit",,25-29,01:01:31
2026 Nice,HYROX PRO DOUBLES - Overall,Men,88,29,"Valentin Beaujean, Jules Kutos",,25-29,01:01:36
2026 Nice,HYROX PRO DOUBLES - Overall,Men,89,28,"Thibault Lebosse, Julien Trégaro",,30-34,01:01:36
2026 Nice,HYROX PRO DOUBLES - Overall,Men,90,30,"Bastien Chazelle, Emeric Devillert",,25-29,01:01:37
2026 Nice,HYROX PRO DOUBLES - Overall,Men,91,29,"William Cabedo, Harry Vaughan",,30-34,01:01:42
2026 Nice,HYROX PRO DOUBLES - Overall,Men,92,30,"Thibaut Marchioni, Anthony Evangelista",,30-34,01:01:48
2026 Nice,HYROX PRO DOUBLES - Overall,Men,93,7,"Kais Chiguer, Massinica Alouti",,16-24,01:01:48
2026 Nice,HYROX PRO DOUBLES - Overall,Men,94,31,"Ganaël Sofflichi, Benjamin Rech",,25-29,01:01:50
2026 Nice,HYROX PRO DOUBLES - Overall,Men,95,32,"Jordan Lengudiana, Tony Ribeiro Tavares",,25-29,01:01:51
2026 Nice,HYROX PRO DOUBLES - Overall,Men,96,33,"Timothée Detant, Piedfort Martin",,25-29,01:02:01
2026 Nice,HYROX PRO DOUBLES - Overall,Men,97,8,"Dane Hegarty, Maximus Neill",,16-24,01:02:01
2026 Nice,HYROX PRO DOUBLES - Overall,Men,98,34,"Thomas Patricolo, Kevin Olivier",,25-29,01:02:03
2026 Nice,HYROX PRO DOUBLES - Overall,Men,99,35,"Thomas Lemmel, Hugo Verdy",,25-29,01:02:07
2026 Nice,HYROX PRO DOUBLES - Overall,Men,100,12,"Stephane Bouillot, Benoit Henault",,40-44,01:02:10
2026 Nice,HYROX PRO DOUBLES - Overall,Men,101,14,"Yoan Mouly, Damien Barone",,35-39,01:02:21
2026 Nice,HYROX PRO DOUBLES - Overall,Men,102,36,"Romain Gastel, Florent Martin",,25-29,01:02:22
2026 Nice,HYROX PRO DOUBLES - Overall,Men,103,31,"Thomas Leterreux, Nicolas Zizzo",,30-34,01:02:24
2026 Nice,HYROX PRO DOUBLES - Overall,Men,104,9,"Florian Verron, Benjamin Verron",,16-24,01:02:25
2026 Nice,HYROX PRO DOUBLES - Overall,Men,105,15,"Fabrice Milland, Yann Barthet",,35-39,01:02:35
2026 Nice,HYROX PRO DOUBLES - Overall,Men,106,16,"Sofien Taouriri, Samuel Grialou",,35-39,01:02:35
2026 Nice,HYROX PRO DOUBLES - Overall,Men,107,32,"Rudy Passicos, Leo Heuzé",,30-34,01:02:38
2026 Nice,HYROX PRO DOUBLES - Overall,Men,108,33,"Clément Brocard, Camille Favre",,30-34,01:02:50
2026 Nice,HYROX PRO DOUBLES - Overall,Men,109,17,"Cédric Nusbaum, Jean-Christophe Bernardini",,35-39,01:02:52
2026 Nice,HYROX PRO DOUBLES - Overall,Men,110,37,"Thibaut Montay, Jean-Philippe Forté",,25-29,01:02:53
2026 Nice,HYROX PRO DOUBLES - Overall,Men,111,18,"Etienne Sabatie, Tini Lorfevre",,35-39,01:02:58
2026 Nice,HYROX PRO DOUBLES - Overall,Men,112,10,"Louhen Pereira, Ronan Lepage",,16-24,01:03:00
2026 Nice,HYROX PRO DOUBLES - Overall,Men,113,34,"Adrien Boutroue, Samir Krouchi",,30-34,01:03:01
2026 Nice,HYROX PRO DOUBLES - Overall,Men,114,38,"Amaury Bernard, Julien Chouraqui",,25-29,01:03:05
2026 Nice,HYROX PRO DOUBLES - Overall,Men,115,2,"Sébastien Burin, Sébastien Barreaud",,45-49,01:03:10
2026 Nice,HYROX PRO DOUBLES - Overall,Men,116,19,"Christophe Hug, Christophe Chevalier",,35-39,01:03:16
2026 Nice,HYROX PRO DOUBLES - Overall,Men,117,39,"Lilian Roseau, Théo Moulet",,25-29,01:03:17
2026 Nice,HYROX PRO DOUBLES - Overall,Men,118,13,"Nicolas Jilbert, Julien Le Gall",,40-44,01:03:20
2026 Nice,HYROX PRO DOUBLES - Overall,Men,119,35,"Michael Lapierre, Thomas Descarpentries",,30-34,01:03:22
2026 Nice,HYROX PRO DOUBLES - Overall,Men,120,40,"Hendrick Garnier, Ayoub Ighmour",,25-29,01:03:22
2026 Nice,HYROX PRO DOUBLES - Overall,Men,121,20,"Christopher Elena, Sebastien Garro",,35-39,01:03:26
2026 Nice,HYROX PRO DOUBLES - Overall,Men,122,36,"Anthony Vieille-Petit, Safouane Bazine",,30-34,01:03:30
2026 Nice,HYROX PRO DOUBLES - Overall,Men,123,21,"Patricio Ulloa, Anthony Millon",,35-39,01:03:30
2026 Nice,HYROX PRO DOUBLES - Overall,Men,124,41,"Yoni Ivic, François-Xavier Tibor",,25-29,01:03:30
2026 Nice,HYROX PRO DOUBLES - Overall,Men,125,22,"Jean-François Rey, Brân Aoustin",,35-39,01:03:32
2026 Nice,HYROX PRO DOUBLES - Overall,Men,126,11,"Romain Tanne, Florian Tanne",,16-24,01:03:33
2026 Nice,HYROX PRO DOUBLES - Overall,Men,127,3,"Stéphane Peyrinaud, Yoann Peyrinaud",,45-49,01:03:34
2026 Nice,HYROX PRO DOUBLES - Overall,Men,128,37,"Julien Ledoux, Aymeric Lidoreau",,30-34,01:03:34
2026 Nice,HYROX PRO DOUBLES - Overall,Men,129,23,"Lorin Martinez, Simon Duchêne",,35-39,01:03:47
2026 Nice,HYROX PRO DOUBLES - Overall,Men,130,42,"Valentin Codron, Yohannes Pansa",,25-29,01:03:47
2026 Nice,HYROX PRO DOUBLES - Overall,Men,131,43,"Pierre Codet, Rodolphe Lafond",,25-29,01:03:50
2026 Nice,HYROX PRO DOUBLES - Overall,Men,132,4,"Jean Marc Bongiorno, Tony Grember",,45-49,01:03:51
2026 Nice,HYROX PRO DOUBLES - Overall,Men,133,14,"Jeremy Bermond, Rémy Lefebvre",,40-44,01:03:55
2026 Nice,HYROX PRO DOUBLES - Overall,Men,134,38,"William Mennesson, Thomas Ulrich",,30-34,01:03:59
2026 Nice,HYROX PRO DOUBLES - Overall,Men,135,39,"Nicolas Marchal, Valentin Russo",,30-34,01:03:59
2026 Nice,HYROX PRO DOUBLES - Overall,Men,136,44,"Thomas Ringot, Simon Barbry",,25-29,01:04:04
2026 Nice,HYROX PRO DOUBLES - Overall,Men,137,40,"Thomas Mollar, Julien Brunetto",,30-34,01:04:10
2026 Nice,HYROX PRO DOUBLES - Overall,Men,138,24,"Thibaud Desutter, Maxence Wellecam",,35-39,01:04:15
2026 Nice,HYROX PRO DOUBLES - Overall,Men,139,41,"Emmanuel Georgas, Raul Ribeiro",,30-34,01:04:16
2026 Nice,HYROX PRO DOUBLES - Overall,Men,140,42,"Maxime Alberge, Nicolas Borgne",,30-34,01:04:17
2026 Nice,HYROX PRO DOUBLES - Overall,Men,141,45,"Chris Lebel, Bruno Leblois",,25-29,01:04:20
2026 Nice,HYROX PRO DOUBLES - Overall,Men,142,43,"Maxime Figué, Mehdi Nezzaghy",,30-34,01:04:33
2026 Nice,HYROX PRO DOUBLES - Overall,Men,143,12,"Bilal Tchouaga, Alexis Jurbert",,16-24,01:04:35
2026 Nice,HYROX PRO DOUBLES - Overall,Men,144,25,"Morgan Carcreff, Florian Fachetti",,35-39,01:04:37
2026 Nice,HYROX PRO DOUBLES - Overall,Men,145,46,"Nicolas Devillers, Raphael Ferrer",,25-29,01:04:45
2026 Nice,HYROX PRO DOUBLES - Overall,Men,146,44,"Alexis Durand, Alexandre Prade",,30-34,01:04:45
2026 Nice,HYROX PRO DOUBLES - Overall,Men,147,26,"Pierre Grelon, Edouard Lemaire",,35-39,01:04:47
2026 Nice,HYROX PRO DOUBLES - Overall,Men,148,27,"Xavier Bolomier, Maxime Gautier Gautier",,35-39,01:04:49
2026 Nice,HYROX PRO DOUBLES - Overall,Men,149,15,"Tony Hoarau, Naguib Moussaoui",,40-44,01:04:51
2026 Nice,HYROX PRO DOUBLES - Overall,Men,150,28,"David Delalande, Jean Baptiste Ferasse Desnoix",,35-39,01:05:08
2026 Nice,HYROX PRO DOUBLES - Overall,Men,151,47,"Pierre Asselin-Boullé, Yoan Chotkan",,25-29,01:05:10
2026 Nice,HYROX PRO DOUBLES - Overall,Men,152,45,"Adnane Bennouna, Moncef Sbay",,30-34,01:05:10
2026 Nice,HYROX PRO DOUBLES - Overall,Men,153,48,"Dorian Maubert, Dorian Simondin",,25-29,01:05:12
2026 Nice,HYROX PRO DOUBLES - Overall,Men,154,29,"Benoit Lubrich, Moussa Cissoko",,35-39,01:05:14
2026 Nice,HYROX PRO DOUBLES - Overall,Men,155,16,"Guillaume Lescarboura, Christophe Andre",,40-44,01:05:17
2026 Nice,HYROX PRO DOUBLES - Overall,Men,156,46,"Anthony Oliveira, Julien Desjours",,30-34,01:05:33
2026 Nice,HYROX PRO DOUBLES - Overall,Men,157,47,"Mohammed EL KHADIRI, Damien Nestelhut",,30-34,01:05:34
2026 Nice,HYROX PRO DOUBLES - Overall,Men,158,48,"Dany Ferreira, Jean-Christophe Proriol",,30-34,01:05:45
2026 Nice,HYROX PRO DOUBLES - Overall,Men,159,49,"Alexandre Rago, Valentin Dupont",,30-34,01:05:45
2026 Nice,HYROX PRO DOUBLES - Overall,Men,160,50,"Alexandre Le Bervet Bretteville, Riad Souaidia",,30-34,01:05:46
2026 Nice,HYROX PRO DOUBLES - Overall,Men,161,17,"Camille Malard, Guillaume Martin",,40-44,01:05:54
2026 Nice,HYROX PRO DOUBLES - Overall,Men,162,49,"Maxime Virelaude, Florian Perinet",,25-29,01:05:55
2026 Nice,HYROX PRO DOUBLES - Overall,Men,163,30,"Morgan Grandjanin, Michael Ziegler",,35-39,01:05:58
2026 Nice,HYROX PRO DOUBLES - Overall,Men,164,13,"Adam Lenchant, Jeremy De Brito Guido",,16-24,01:06:08
2026 Nice,HYROX PRO DOUBLES - Overall,Men,165,18,"Pierre Poitou, Alexis Soares",,40-44,01:06:13
2026 Nice,HYROX PRO DOUBLES - Overall,Men,166,51,"Jamie Cheeseman, Marc Antoine Goudal",,30-34,01:06:19
2026 Nice,HYROX PRO DOUBLES - Overall,Men,167,19,"Laurent Dobignard, Mickaël Sourisse",,40-44,01:06:24
2026 Nice,HYROX PRO DOUBLES - Overall,Men,168,50,"Umberto Mariano, Stefano Biondi",,25-29,01:06:27
2026 Nice,HYROX PRO DOUBLES - Overall,Men,169,31,"Romain Attard, Abdel Kader Slimani",,35-39,01:06:28
2026 Nice,HYROX PRO DOUBLES - Overall,Men,170,52,"Ludovic Defer, Sebastien Demoulin",,30-34,01:06:31
2026 Nice,HYROX PRO DOUBLES - Overall,Men,171,51,"Benjamin Armand, Kévin Galès",,25-29,01:06:38
2026 Nice,HYROX PRO DOUBLES - Overall,Men,172,53,"Jonathan Foissard, Andrea Schepis",,30-34,01:06:40
2026 Nice,HYROX PRO DOUBLES - Overall,Men,173,20,"Raphaël Meucci, Olivier Meucci",,40-44,01:06:41
2026 Nice,HYROX PRO DOUBLES - Overall,Men,174,52,"Jordy Tissot, Lucas Simon",,25-29,01:06:46
2026 Nice,HYROX PRO DOUBLES - Overall,Men,175,53,"Guillaume Lanza, Jean-Brice Dol",,25-29,01:06:48
2026 Nice,HYROX PRO DOUBLES - Overall,Men,176,54,"Antoine Llinares, Thomas Piselli",,30-34,01:06:50
2026 Nice,HYROX PRO DOUBLES - Overall,Men,177,55,"Julien Lassalle, Valentin Calzan",,30-34,01:06:51
2026 Nice,HYROX PRO DOUBLES - Overall,Men,178,21,"Anthony Paoli, Fabien Villagordo",,40-44,01:06:54
2026 Nice,HYROX PRO DOUBLES - Overall,Men,179,32,"Maxime Bernard, Abderrahmane Ait Mohammed",,35-39,01:06:55
2026 Nice,HYROX PRO DOUBLES - Overall,Men,180,22,"Benoit Hervoir, Clément Rodriguez",,40-44,01:06:59
2026 Nice,HYROX PRO DOUBLES - Overall,Men,181,54,"Francois Jaunay, Lucas Lemonnier",,25-29,01:07:21
2026 Nice,HYROX PRO DOUBLES - Overall,Men,182,33,"Julien Trebosc, Sylvain Caumontat",,35-39,01:07:29
2026 Nice,HYROX PRO DOUBLES - Overall,Men,183,14,"Florentin Dusfourd, Julien Kbaier",,16-24,01:07:32
2026 Nice,HYROX PRO DOUBLES - Overall,Men,184,56,"Johan Moncade, Hamid Kassoul",,30-34,01:07:32
2026 Nice,HYROX PRO DOUBLES - Overall,Men,185,55,"Clement Douls, Antoine Bouix",,25-29,01:07:39
2026 Nice,HYROX PRO DOUBLES - Overall,Men,186,57,"Morgann Zapotoczny, Romain Guillermou",,30-34,01:07:41
2026 Nice,HYROX PRO DOUBLES - Overall,Men,187,58,"Maxime Paul, Julien Ouaddour",,30-34,01:07:42
2026 Nice,HYROX PRO DOUBLES - Overall,Men,188,59,"Jonathan Colin, Julien Lepinte",,30-34,01:07:43
2026 Nice,HYROX PRO DOUBLES - Overall,Men,189,60,"Gregoire Pirany, Alexandre Ratier",,30-34,01:07:43
2026 Nice,HYROX PRO DOUBLES - Overall,Men,190,34,"Jean Faggianelli, Alexis Moulin",,35-39,01:07:48
2026 Nice,HYROX PRO DOUBLES - Overall,Men,191,61,"Quentin Sockeel, Kevin Sockeel",,30-34,01:07:49
2026 Nice,HYROX PRO DOUBLES - Overall,Men,192,35,"Rosario Gardeur, Christophe Pfeil",,35-39,01:07:57
2026 Nice,HYROX PRO DOUBLES - Overall,Men,193,56,"Ivan Fernandes, Hamza Lamrani Alaoui",,25-29,01:07:58
2026 Nice,HYROX PRO DOUBLES - Overall,Men,194,62,"Yann Biry, Dylan Fajardo",,30-34,01:08:06
2026 Nice,HYROX PRO DOUBLES - Overall,Men,195,57,"Nicolas Collet, David Ruiz",,25-29,01:08:07
2026 Nice,HYROX PRO DOUBLES - Overall,Men,196,63,"Lambert Poujol, Maxime Barbier",,30-34,01:08:07
2026 Nice,HYROX PRO DOUBLES - Overall,Men,197,36,"Maxime Chedorge, Pierre Gnamian",,35-39,01:08:08
2026 Nice,HYROX PRO DOUBLES - Overall,Men,198,58,"Johani Lairis, Sébastien Da Re",,25-29,01:08:16
2026 Nice,HYROX PRO DOUBLES - Overall,Men,199,37,"Thomas Sourice, Yazid Amghar",,35-39,01:08:20
2026 Nice,HYROX PRO DOUBLES - Overall,Men,200,59,"Kelwin Lechat, Dylan Gueroult",,25-29,01:08:24
2026 Nice,HYROX PRO DOUBLES - Overall,Men,201,64,"Thibault Puche, Esteban Lopez",,30-34,01:08:34
2026 Nice,HYROX PRO DOUBLES - Overall,Men,202,60,"Raphael Fernandez, William Fernandez",,25-29,01:08:34
2026 Nice,HYROX PRO DOUBLES - Overall,Men,203,2,"Regis Geiger, Pascal Martz",,50-54,01:08:38
2026 Nice,HYROX PRO DOUBLES - Overall,Men,204,61,"Tom Vanstaen, Mathis Renolleau",,25-29,01:08:40
2026 Nice,HYROX PRO DOUBLES - Overall,Men,205,62,"Damien Lallemand, Boulineau Jérémy",,25-29,01:08:41
2026 Nice,HYROX PRO DOUBLES - Overall,Men,206,38,"Mickael Labeille, Florian Lesellier",,35-39,01:08:46
2026 Nice,HYROX PRO DOUBLES - Overall,Men,207,65,"Paul Buathier, Benoît Châtelain",,30-34,01:08:51
2026 Nice,HYROX PRO DOUBLES - Overall,Men,208,15,"Clement Dresch, Leo Laurier",,16-24,01:08:54
2026 Nice,HYROX PRO DOUBLES - Overall,Men,209,63,"Clément Lictevout, Rodolphe Gayet",,25-29,01:08:56
2026 Nice,HYROX PRO DOUBLES - Overall,Men,210,66,"Maxime Ravau, Camille Carré",,30-34,01:08:59
2026 Nice,HYROX PRO DOUBLES - Overall,Men,211,16,"Jean-Baptiste Lesage, Heydenn Charlier",,16-24,01:09:02
2026 Nice,HYROX PRO DOUBLES - Overall,Men,212,5,"Cédric Coffy, Franck Ardouin",,45-49,01:09:04
2026 Nice,HYROX PRO DOUBLES - Overall,Men,213,39,"Remy Valois, Sebastien Bardin",,35-39,01:09:09
2026 Nice,HYROX PRO DOUBLES - Overall,Men,214,3,"Cedric Pain, Stephane Rennesson",,50-54,01:09:12
2026 Nice,HYROX PRO DOUBLES - Overall,Men,215,40,"Nicolas Vespertini, Damien Vespertini",,35-39,01:09:12
2026 Nice,HYROX PRO DOUBLES - Overall,Men,216,41,"Romain Soulier, Yann Carrey",,35-39,01:09:17
2026 Nice,HYROX PRO DOUBLES - Overall,Men,217,67,"Jean Sébastien Dablin, Nicolas Nguyen",,30-34,01:09:24
2026 Nice,HYROX PRO DOUBLES - Overall,Men,218,68,"Roland Dehegnan Bly, Mathias Tacinelli-Rabineau",,30-34,01:09:25
2026 Nice,HYROX PRO DOUBLES - Overall,Men,219,64,"Arthur Seguin, Florian Taldir",,25-29,01:09:38
2026 Nice,HYROX PRO DOUBLES - Overall,Men,220,42,"Rodolphe Pron, Bastien Lyons",,35-39,01:09:43
2026 Nice,HYROX PRO DOUBLES - Overall,Men,221,69,"Enzo Fino, Raphaël Pinto",,30-34,01:09:46
2026 Nice,HYROX PRO DOUBLES - Overall,Men,222,65,"Pierre-Joseph Maestracci, Dorian Monna",,25-29,01:09:46
2026 Nice,HYROX PRO DOUBLES - Overall,Men,223,70,"Rémy Gandolfo, Paul Montussac",,30-34,01:09:48
2026 Nice,HYROX PRO DOUBLES - Overall,Men,224,71,"Thomas Gonzalez, David Toe",,30-34,01:09:49
2026 Nice,HYROX PRO DOUBLES - Overall,Men,225,72,"Corentin Gonzalez, Arnaud Mendez",,30-34,01:09:52
2026 Nice,HYROX PRO DOUBLES - Overall,Men,226,23,"Jeremy Focqueu, Bruno Deback",,40-44,01:09:57
2026 Nice,HYROX PRO DOUBLES - Overall,Men,227,43,"Pierre Lombard, Ludovic Arthemise",,35-39,01:09:59
2026 Nice,HYROX PRO DOUBLES - Overall,Men,228,73,"Tristan Boero, Igor Moreno",,30-34,01:10:07
2026 Nice,HYROX PRO DOUBLES - Overall,Men,229,74,"Julien Ollier, Fabien Arnoux",,30-34,01:10:07
2026 Nice,HYROX PRO DOUBLES - Overall,Men,230,66,"Estebane Leclaire, Raphael Opala",,25-29,01:10:09
2026 Nice,HYROX PRO DOUBLES - Overall,Men,231,17,"Tom Oviedo, Hugo-Xuân Maury",,16-24,01:10:09
2026 Nice,HYROX PRO DOUBLES - Overall,Men,232,75,"Vincent Degnirol, Maxime Souyris",,30-34,01:10:10
2026 Nice,HYROX PRO DOUBLES - Overall,Men,233,67,"Félix Danguy, Mathis Sacré",,25-29,01:10:13
2026 Nice,HYROX PRO DOUBLES - Overall,Men,234,44,"Gregory Chirent, Quentin Roumier",,35-39,01:10:18
2026 Nice,HYROX PRO DOUBLES - Overall,Men,235,24,"Loic Grignon, Grégory Trastour",,40-44,01:10:23
2026 Nice,HYROX PRO DOUBLES - Overall,Men,236,6,"Paolo Giustarini, Davide Paolino",,45-49,01:10:23
2026 Nice,HYROX PRO DOUBLES - Overall,Men,237,76,"Aurelien Artinian, Cedric Genin",,30-34,01:10:27
2026 Nice,HYROX PRO DOUBLES - Overall,Men,238,45,"Wilfried Brunel, Démétrius Brunel",,35-39,01:10:31
2026 Nice,HYROX PRO DOUBLES - Overall,Men,239,68,"Romain Ontato, Laurent Vitulli",,25-29,01:10:31
2026 Nice,HYROX PRO DOUBLES - Overall,Men,240,25,"Thomas Mariottini, Guilhem BROCCHI",,40-44,01:10:41
2026 Nice,HYROX PRO DOUBLES - Overall,Men,241,77,"Laurent Magnaval, Fabien Magnaval",,30-34,01:10:42
2026 Nice,HYROX PRO DOUBLES - Overall,Men,242,78,"Quentin Marant, Adrie Marant",,30-34,01:10:45
2026 Nice,HYROX PRO DOUBLES - Overall,Men,243,4,"Michael Dutton, Curtis Dutton",,50-54,01:10:47
2026 Nice,HYROX PRO DOUBLES - Overall,Men,244,69,"Clément Peirone, Maxime Lyons",,25-29,01:10:54
2026 Nice,HYROX PRO DOUBLES - Overall,Men,245,70,"Victor Leger, Antoine Seigneurie",,25-29,01:10:55
2026 Nice,HYROX PRO DOUBLES - Overall,Men,246,79,"Valentin Caligo, Julien Bruno",,30-34,01:10:58
2026 Nice,HYROX PRO DOUBLES - Overall,Men,247,80,"Enzo Perez, Thomas Blanc",,30-34,01:10:59
2026 Nice,HYROX PRO DOUBLES - Overall,Men,248,81,"Florian Bonifassi, Maxance Brulport",,30-34,01:11:02
2026 Nice,HYROX PRO DOUBLES - Overall,Men,249,82,"Jeremy Perez, Pascal Carlotti",,30-34,01:11:04
2026 Nice,HYROX PRO DOUBLES - Overall,Men,250,83,"Pierre-Christophe Kerdelhue, Jean-Christophe Pham",,30-34,01:11:08
2026 Nice,HYROX PRO DOUBLES - Overall,Men,251,5,"Laurent Ingargiola, Pascal De Sousa",,50-54,01:11:08
2026 Nice,HYROX PRO DOUBLES - Overall,Men,252,46,"Kévin Baron, Matthias Puissant",,35-39,01:11:10
2026 Nice,HYROX PRO DOUBLES - Overall,Men,253,71,"Jean Cariou, Louis Cariou",,25-29,01:11:11
2026 Nice,HYROX PRO DOUBLES - Overall,Men,254,72,"David Ruggiu, Pierjean Cheminard",,25-29,01:11:12
2026 Nice,HYROX PRO DOUBLES - Overall,Men,255,7,"Franck Ruault, Patrick Coisnon",,45-49,01:11:15
2026 Nice,HYROX PRO DOUBLES - Overall,Men,256,26,"Mathias Burkel, Benjamin Isnart",,40-44,01:11:15
2026 Nice,HYROX PRO DOUBLES - Overall,Men,257,84,"Benjamin Gonfrier, Meryll De Pretto",,30-34,01:11:15
2026 Nice,HYROX PRO DOUBLES - Overall,Men,258,85,"Amine Daouri, Adrien Ameline",,30-34,01:11:17
2026 Nice,HYROX PRO DOUBLES - Overall,Men,259,86,"Jerome Zamora, Ludovic Bousquet",,30-34,01:11:18
2026 Nice,HYROX PRO DOUBLES - Overall,Men,260,18,"Thibault Imbert, Samy El Ghrandi",,16-24,01:11:21
2026 Nice,HYROX PRO DOUBLES - Overall,Men,261,87,"Geoffroy Weiss, Damien Augy",,30-34,01:11:25
2026 Nice,HYROX PRO DOUBLES - Overall,Men,262,27,"Rémy Fizames, Cyr AVOGNAN",,40-44,01:11:29
2026 Nice,HYROX PRO DOUBLES - Overall,Men,263,8,"Romain Cattet, Christophe Porcel",,45-49,01:11:34
2026 Nice,HYROX PRO DOUBLES - Overall,Men,264,19,"Titouan Gonsolin, Julian Gonsolin",,16-24,01:11:34
2026 Nice,HYROX PRO DOUBLES - Overall,Men,265,73,"Julien Bielsa, Fabio Bielsa",,25-29,01:11:39
2026 Nice,HYROX PRO DOUBLES - Overall,Men,266,47,"Julien Luu, Guillaume Faure",,35-39,01:11:44
2026 Nice,HYROX PRO DOUBLES - Overall,Men,267,88,"Stéphane Stark, Keyzer Justine",,30-34,01:11:45
2026 Nice,HYROX PRO DOUBLES - Overall,Men,268,28,"Conall Dennedy, Jarrad Butler",,40-44,01:11:45
2026 Nice,HYROX PRO DOUBLES - Overall,Men,269,29,"Vincent BARON, Nicolas SAINTE-CATHERINE",,40-44,01:11:55
2026 Nice,HYROX PRO DOUBLES - Overall,Men,270,48,"Olivier Coste, Adrien Roussel",,35-39,01:11:56
2026 Nice,HYROX PRO DOUBLES - Overall,Men,271,74,"Tom Gratteau, Scott Gratteau",,25-29,01:11:58
2026 Nice,HYROX PRO DOUBLES - Overall,Men,272,49,"Fabien Petracco, Pierre Lacombe",,35-39,01:12:02
2026 Nice,HYROX PRO DOUBLES - Overall,Men,273,20,"Pablo Brimaux, Axel Chauvin",,16-24,01:12:02
2026 Nice,HYROX PRO DOUBLES - Overall,Men,274,89,"Stephan Manrique, Jhon Astudillo Rojas",,30-34,01:12:02
2026 Nice,HYROX PRO DOUBLES - Overall,Men,275,30,"Omar Hibaoui, Julien Legrand",,40-44,01:12:06
2026 Nice,HYROX PRO DOUBLES - Overall,Men,276,90,"Loïc Burel, Romain Laurent",,30-34,01:12:08
2026 Nice,HYROX PRO DOUBLES - Overall,Men,277,31,"Maxime Guttierez, Philippe Guttierez",,40-44,01:12:12
2026 Nice,HYROX PRO DOUBLES - Overall,Men,278,91,"Aurélien Krauss, Florian Groshaeny",,30-34,01:12:24
2026 Nice,HYROX PRO DOUBLES - Overall,Men,279,75,"Marco Graciano, Léo Graciano",,25-29,01:12:29
2026 Nice,HYROX PRO DOUBLES - Overall,Men,280,92,"Noa Herbin, Nicolas Petit",,30-34,01:12:33
2026 Nice,HYROX PRO DOUBLES - Overall,Men,281,32,"Samir Laribi, Fabien Coulet",,40-44,01:12:37
2026 Nice,HYROX PRO DOUBLES - Overall,Men,282,50,"benjamin de oliveira, Maxim Dean",,35-39,01:12:39
2026 Nice,HYROX PRO DOUBLES - Overall,Men,283,21,"Gaspard Marchand, Maxence Varga",,16-24,01:12:58
2026 Nice,HYROX PRO DOUBLES - Overall,Men,284,9,"Jason Lorcher, Dominique Lorcher",,45-49,01:13:08
2026 Nice,HYROX PRO DOUBLES - Overall,Men,285,93,"Anthony Salvarelli, Romain Dettori",,30-34,01:13:28
2026 Nice,HYROX PRO DOUBLES - Overall,Men,286,94,"Alexis Bizière, Nicolas Daguin",,30-34,01:13:33
2026 Nice,HYROX PRO DOUBLES - Overall,Men,287,95,"Thomas Geynes, Julien Brochery",,30-34,01:13:36
2026 Nice,HYROX PRO DOUBLES - Overall,Men,288,76,"Bastien Teixeira, Valentin Teixeira",,25-29,01:13:36
2026 Nice,HYROX PRO DOUBLES - Overall,Men,289,22,"Antoine Faideau, Louis Bertone",,16-24,01:13:41
2026 Nice,HYROX PRO DOUBLES - Overall,Men,290,96,"Jeff Monaco, Tristan Bigot",,30-34,01:13:48
2026 Nice,HYROX PRO DOUBLES - Overall,Men,291,51,"Yoan Stephan, Castellano Franck",,35-39,01:13:58
2026 Nice,HYROX PRO DOUBLES - Overall,Men,292,97,"Joel Guigou, Jeremy Arnaud",,30-34,01:14:03
2026 Nice,HYROX PRO DOUBLES - Overall,Men,293,52,"Regis Hugues, Tarek Sidali",,35-39,01:14:09
2026 Nice,HYROX PRO DOUBLES - Overall,Men,294,77,"Othmane Haradj, Loris Decheny",,25-29,01:14:16
2026 Nice,HYROX PRO DOUBLES - Overall,Men,295,78,"Theo Barker, Fred Edge",,25-29,01:14:17
2026 Nice,HYROX PRO DOUBLES - Overall,Men,296,98,"Kévin Signoret, Clement Valls",,30-34,01:14:18
2026 Nice,HYROX PRO DOUBLES - Overall,Men,297,99,"Thibault DECREQUY, Guillaume Heine",,30-34,01:14:25
2026 Nice,HYROX PRO DOUBLES - Overall,Men,298,100,"Anthony Mathieu, Kevin Grattarola",,30-34,01:14:29
2026 Nice,HYROX PRO DOUBLES - Overall,Men,299,79,"Guillaume Cauvin, Benjamin Cauvin",,25-29,01:14:35
2026 Nice,HYROX PRO DOUBLES - Overall,Men,300,101,"Soucarre Quentin, Olivier Sulivan",,30-34,01:14:40
2026 Nice,HYROX PRO DOUBLES - Overall,Men,301,102,"Charlie Honnet, Morgan Molinier",,30-34,01:14:42
2026 Nice,HYROX PRO DOUBLES - Overall,Men,302,103,"Jérôme Crignon, Louis Michel Pugibet",,30-34,01:14:42
2026 Nice,HYROX PRO DOUBLES - Overall,Men,303,53,"Yassir Aarab, Geoffrey Dagod",,35-39,01:14:43
2026 Nice,HYROX PRO DOUBLES - Overall,Men,304,54,"Mickael Cohen, Dany Cohen",,35-39,01:14:46
2026 Nice,HYROX PRO DOUBLES - Overall,Men,305,33,"Max Lambotin, Axel Meissonnier",,40-44,01:15:08
2026 Nice,HYROX PRO DOUBLES - Overall,Men,306,104,"Clément Rizzi, Frederic Lecoeur",,30-34,01:15:26
2026 Nice,HYROX PRO DOUBLES - Overall,Men,307,55,"Adrien Pina, Fabien Ferrari",,35-39,01:15:28
2026 Nice,HYROX PRO DOUBLES - Overall,Men,308,105,"CLEMENT DEeer, Grégory Louis Gabriel AIME",,30-34,01:15:57
2026 Nice,HYROX PRO DOUBLES - Overall,Men,309,106,"Yohan Bertucci, Julien Armando",,30-34,01:16:00
2026 Nice,HYROX PRO DOUBLES - Overall,Men,310,23,"Antoine Dussart, Ange Maingon",,16-24,01:16:16
2026 Nice,HYROX PRO DOUBLES - Overall,Men,311,10,"Julien Touzain, Gérald Gaubal-Vatilingon",,45-49,01:16:31
2026 Nice,HYROX PRO DOUBLES - Overall,Men,312,107,"Nelson Battaglia, Maxime Mornas",,30-34,01:16:38
2026 Nice,HYROX PRO DOUBLES - Overall,Men,313,56,"Jonah Chrétien, Frédérick JOUAN",,35-39,01:16:48
2026 Nice,HYROX PRO DOUBLES - Overall,Men,314,57,"Sylvain Raveu, Fabien Cultrioli",,35-39,01:16:54
2026 Nice,HYROX PRO DOUBLES - Overall,Men,315,34,"Olivier Bazin, Lucas Bazin",,40-44,01:17:01
2026 Nice,HYROX PRO DOUBLES - Overall,Men,316,80,"Clement Hay, Sunny Lecomte",,25-29,01:17:10
2026 Nice,HYROX PRO DOUBLES - Overall,Men,317,58,"Julien Malengo, Julien Chaouat",,35-39,01:17:15
2026 Nice,HYROX PRO DOUBLES - Overall,Men,318,81,"Matéo Boutry, Baptiste Verdier",,25-29,01:17:16
2026 Nice,HYROX PRO DOUBLES - Overall,Men,319,35,"vincent valensi, Slim Ben Hassen",,40-44,01:17:17
2026 Nice,HYROX PRO DOUBLES - Overall,Men,320,108,"Mattia Coscarelli, Federico Monteverdi",,30-34,01:17:18
2026 Nice,HYROX PRO DOUBLES - Overall,Men,321,59,"Mehdi Sebiane, Hicham Boualdja",,35-39,01:17:21
2026 Nice,HYROX PRO DOUBLES - Overall,Men,322,109,"Mathieu Nicol, Baptiste Le bian",,30-34,01:18:06
2026 Nice,HYROX PRO DOUBLES - Overall,Men,323,36,"David Bartalucci, Grégory Rouby",,40-44,01:18:11
2026 Nice,HYROX PRO DOUBLES - Overall,Men,324,110,"Marc-Antoine Rémy, Guillaume Helmer",,30-34,01:18:11
2026 Nice,HYROX PRO DOUBLES - Overall,Men,325,60,"Wilfried Ferretti, Ivan La Rocca",,35-39,01:18:20
2026 Nice,HYROX PRO DOUBLES - Overall,Men,326,82,"Maxime Mouthon, Yannick Rivoal",,25-29,01:18:20
2026 Nice,HYROX PRO DOUBLES - Overall,Men,327,37,"Benoît Demars, Pierre Guillemaind",,40-44,01:18:25
2026 Nice,HYROX PRO DOUBLES - Overall,Men,328,61,"Stéphane Ribeiro, Baptiste Fachaux",,35-39,01:18:52
2026 Nice,HYROX PRO DOUBLES - Overall,Men,329,83,"Léo Lafon, Dorian Lafon",,25-29,01:18:53
2026 Nice,HYROX PRO DOUBLES - Overall,Men,330,111,"Tristan Piesset, Dylan Mansard",,30-34,01:19:07
2026 Nice,HYROX PRO DOUBLES - Overall,Men,331,38,"Raphael Quéval, Gaetan Potier",,40-44,01:19:27
2026 Nice,HYROX PRO DOUBLES - Overall,Men,332,112,"Eric Legrand, Morgan Da Costa",,30-34,01:19:29
2026 Nice,HYROX PRO DOUBLES - Overall,Men,333,39,"Benjamin Ebbo, Fabien Olk",,40-44,01:19:47
2026 Nice,HYROX PRO DOUBLES - Overall,Men,334,6,"Benjamin D Ennetieres, Laurent Prudhomme",,50-54,01:19:53
2026 Nice,HYROX PRO DOUBLES - Overall,Men,335,113,"Bruno Besler, Kevin Thor",,30-34,01:20:10
2026 Nice,HYROX PRO DOUBLES - Overall,Men,336,62,"Murtaza Kagzi, Leonard Tan",,35-39,01:20:16
2026 Nice,HYROX PRO DOUBLES - Overall,Men,337,84,"Victor Philaire, Hugo Molinari",,25-29,01:20:25
2026 Nice,HYROX PRO DOUBLES - Overall,Men,338,114,"Antoine Champavier, Baptiste Munos",,30-34,01:20:39
2026 Nice,HYROX PRO DOUBLES - Overall,Men,339,115,"Quentin Walser, François Kerhoas",,30-34,01:20:49
2026 Nice,HYROX PRO DOUBLES - Overall,Men,340,24,"Benjamin Bertout, Théo Lejeune",,16-24,01:20:59
2026 Nice,HYROX PRO DOUBLES - Overall,Men,341,85,"Dimitri Blondet, Clement Puchois",,25-29,01:21:28
2026 Nice,HYROX PRO DOUBLES - Overall,Men,342,63,"Albert Dubost Groschl, Michael Pinto",,35-39,01:21:32
2026 Nice,HYROX PRO DOUBLES - Overall,Men,343,11,"Rija Rasolofondraibe, Erwin Babulis",,45-49,01:21:32
2026 Nice,HYROX PRO DOUBLES - Overall,Men,344,12,"Marouin Abaied, Abaied Mohamed",,45-49,01:21:50
2026 Nice,HYROX PRO DOUBLES - Overall,Men,345,13,"Geoffrey Mary, Arnault Mousset",,45-49,01:21:52
2026 Nice,HYROX PRO DOUBLES - Overall,Men,346,116,"Imad Limlahi, Alexandre Quartier-Caron",,30-34,01:21:53
2026 Nice,HYROX PRO DOUBLES - Overall,Men,347,117,"Kevin Cholley, Cristian Delenne",,30-34,01:21:54
2026 Nice,HYROX PRO DOUBLES - Overall,Men,348,118,"Florian Louvier, Geoffrey Rebeyrol",,30-34,01:21:59
2026 Nice,HYROX PRO DOUBLES - Overall,Men,349,64,"Sly Diatta, Marc Laignel",,35-39,01:22:08
2026 Nice,HYROX PRO DOUBLES - Overall,Men,350,119,"Kevin Lesigne, Jeoffrey Weber",,30-34,01:22:09
2026 Nice,HYROX PRO DOUBLES - Overall,Men,351,120,"Thomas Testa, Jordan Charret",,30-34,01:22:20
2026 Nice,HYROX PRO DOUBLES - Overall,Men,352,7,"Laurent Brunon, Stéphane Bruchet",,50-54,01:22:52
2026 Nice,HYROX PRO DOUBLES - Overall,Men,353,65,"Gabriel Cavalier, Aurelien Guisgand",,35-39,01:23:19
2026 Nice,HYROX PRO DOUBLES - Overall,Men,354,86,"Solamh Duret, Guillaume Koma",,25-29,01:23:57
2026 Nice,HYROX PRO DOUBLES - Overall,Men,355,40,"Noureddine Hajji, Mathieu Poyatos",,40-44,01:24:40
2026 Nice,HYROX PRO DOUBLES - Overall,Men,356,25,"Auxence Blais, Yoan Maes",,16-24,01:24:47
2026 Nice,HYROX PRO DOUBLES - Overall,Men,357,121,"Joris Murzilli, Jean Philippe Carlier",,30-34,01:25:09
2026 Nice,HYROX PRO DOUBLES - Overall,Men,358,87,"Baptiste Tassy, Bruno Tomasina",,25-29,01:25:32
2026 Nice,HYROX PRO DOUBLES - Overall,Men,359,88,"Cathal Noone, Kieran Haran",,25-29,01:25:48
2026 Nice,HYROX PRO DOUBLES - Overall,Men,360,66,"Ludovic Gilles, Ronald Requin",,35-39,01:26:09
2026 Nice,HYROX PRO DOUBLES - Overall,Men,361,41,"Philippe Gabert, Eric Rozand",,40-44,01:27:41
2026 Nice,HYROX PRO DOUBLES - Overall,Men,362,89,"Julien Teixeira, Lucas Legeard",,25-29,01:29:22
2026 Nice,HYROX PRO DOUBLES - Overall,Men,363,67,"Nicolas Marquer, Alexis Janvier",,35-39,01:31:04
2026 Nice,HYROX PRO DOUBLES - Overall,Men,364,122,"Kevin Barasa, Emiliano Marin Gutierrez",,30-34,01:31:16
2026 Nice,HYROX PRO DOUBLES - Overall,Men,365,26,"Sacha De Haro, Artus Lacroix",,16-24,01:33:56
2026 Nice,HYROX PRO DOUBLES - Overall,Men,366,90,"Michael Giorgi, David Figarella",,25-29,01:36:16
2026 Nice,HYROX PRO DOUBLES - Overall,Men,367,14,"Nicolas Gonzalez, OLIVIER CHAIX",,45-49,01:36:35
2026 Nice,HYROX PRO DOUBLES - Overall,Men,368,42,"Sourath Tan, Sokdy Tan",,40-44,01:41:57
2026 Nice,HYROX PRO DOUBLES - Overall,Men,369,123,"Quentin Audic, Mickael Rodriguez",,30-34,01:44:18
2026 Nice,HYROX PRO DOUBLES - Overall,Men,370,91,"Enzo Szulc, Lucas Viguie",,25-29,01:48:44
2026 Nice,HYROX PRO DOUBLES - Overall,Women,1,1,"Laura Jullien, Coraline Moinat",,25-29,01:01:34
2026 Nice,HYROX PRO DOUBLES - Overall,Women,2,2,"Lou Terraillon, Pauline Latil",,25-29,01:02:39
2026 Nice,HYROX PRO DOUBLES - Overall,Women,3,3,"Enola Koenig, Clémence Merou",,25-29,01:03:56
2026 Nice,HYROX PRO DOUBLES - Overall,Women,4,4,"Romane Miege, Sarah Menguy",,25-29,01:04:16
2026 Nice,HYROX PRO DOUBLES - Overall,Women,5,1,"Ronja Hammernes, Ida Erlandsen",,30-34,01:04:26
2026 Nice,HYROX PRO DOUBLES - Overall,Women,6,1,"Angelique Loge, Alexandra Louis",,40-44,01:04:30
2026 Nice,HYROX PRO DOUBLES - Overall,Women,7,5,"Ilona Frigout, Roxane Bustone",,25-29,01:04:49
2026 Nice,HYROX PRO DOUBLES - Overall,Women,8,2,"Charlotte Bomphrey, Lydia Powell",,30-34,01:04:56
2026 Nice,HYROX PRO DOUBLES - Overall,Women,9,1,"Cecilia Calvigioni, Gloria Camilletti",,35-39,01:05:08
2026 Nice,HYROX PRO DOUBLES - Overall,Women,10,3,"Sarah Teysseyre, Marie Estampe",,30-34,01:05:20
2026 Nice,HYROX PRO DOUBLES - Overall,Women,11,2,"Émilie Mayeux, Marie Dambron",,35-39,01:05:27
2026 Nice,HYROX PRO DOUBLES - Overall,Women,12,6,"Marion Auger, Alice Lambert",,25-29,01:05:42
2026 Nice,HYROX PRO DOUBLES - Overall,Women,13,4,"Safia Chopin, Melanie Lucas",,30-34,01:06:15
2026 Nice,HYROX PRO DOUBLES - Overall,Women,14,7,"Coline Le Gall, Leanne Rabiller",,25-29,01:06:25
2026 Nice,HYROX PRO DOUBLES - Overall,Women,15,8,"Florine Mourou, Laura Bolmont",,25-29,01:06:26
2026 Nice,HYROX PRO DOUBLES - Overall,Women,16,5,"Heidi Zymela-Sandy, Rhiannon Zymela",,30-34,01:06:33
2026 Nice,HYROX PRO DOUBLES - Overall,Women,17,9,"Louna Taha, Cynthia Serralheiro",,25-29,01:06:42
2026 Nice,HYROX PRO DOUBLES - Overall,Women,18,3,"Pecurina Nera, Anne Laure Sauzeau",,35-39,01:07:00
2026 Nice,HYROX PRO DOUBLES - Overall,Women,19,4,"Elsa Casadesus, Deborah Nguyen",,35-39,01:07:01
2026 Nice,HYROX PRO DOUBLES - Overall,Women,20,5,"Romaine De Kalbermatten, Maeva Flury",,35-39,01:08:06
2026 Nice,HYROX PRO DOUBLES - Overall,Women,21,6,"Chloé Dorenlot, Juliette Delaye",,30-34,01:08:20
2026 Nice,HYROX PRO DOUBLES - Overall,Women,22,10,"Lea Avezeri, Anais Deltour",,25-29,01:08:22
2026 Nice,HYROX PRO DOUBLES - Overall,Women,23,1,"Sandra Duchene, Olivia Tost",,45-49,01:08:23
2026 Nice,HYROX PRO DOUBLES - Overall,Women,24,11,"Pauline Mahiu, Cyndel Vrielynck",,25-29,01:08:27
2026 Nice,HYROX PRO DOUBLES - Overall,Women,25,7,"Anais Pradignac, Cloe Nicolet",,30-34,01:08:32
2026 Nice,HYROX PRO DOUBLES - Overall,Women,26,8,"Anna SOUINI, Marine Vila",,30-34,01:08:35
2026 Nice,HYROX PRO DOUBLES - Overall,Women,27,6,"Cindy Marafico, Julie Anguille",,35-39,01:09:13
2026 Nice,HYROX PRO DOUBLES - Overall,Women,28,12,"Marie Humeau, Valentine Humeau",,25-29,01:09:20
2026 Nice,HYROX PRO DOUBLES - Overall,Women,29,7,"Elodie Guiglion, Claire Discours Codina",,35-39,01:09:50
2026 Nice,HYROX PRO DOUBLES - Overall,Women,30,13,"Anne-Sophie Naz, Nathalie Moichon",,25-29,01:10:20
2026 Nice,HYROX PRO DOUBLES - Overall,Women,31,14,"Louna Fontaine, Laura Combe",,25-29,01:10:24
2026 Nice,HYROX PRO DOUBLES - Overall,Women,32,1,"Audrey Guettaf, Manon Fillatre",,16-24,01:10:43
2026 Nice,HYROX PRO DOUBLES - Overall,Women,33,1,"Hélène Pélissier, Marina Vidil",,50-54,01:10:56
2026 Nice,HYROX PRO DOUBLES - Overall,Women,34,2,"Rebecca Canning, Anna Mattingley",,40-44,01:10:57
2026 Nice,HYROX PRO DOUBLES - Overall,Women,35,9,"Heloise Mignerey, Océane Caminiti",,30-34,01:11:18
2026 Nice,HYROX PRO DOUBLES - Overall,Women,36,8,"Julie Avron, Isabelle Duquesnoy",,35-39,01:11:30
2026 Nice,HYROX PRO DOUBLES - Overall,Women,37,10,"Inga Braz, Tânia Farias",,30-34,01:11:51
2026 Nice,HYROX PRO DOUBLES - Overall,Women,38,3,"Gwendoline Odelot, Dominique Delmur",,40-44,01:12:20
2026 Nice,HYROX PRO DOUBLES - Overall,Women,39,15,"Cathrine Johanne Olsen, Sarah Stokvad",,25-29,01:12:23
2026 Nice,HYROX PRO DOUBLES - Overall,Women,40,11,"Mallaury Roque, Manon Jacques",,30-34,01:12:35
2026 Nice,HYROX PRO DOUBLES - Overall,Women,41,12,"Axelle Gros, Marlene Charvet",,30-34,01:12:57
2026 Nice,HYROX PRO DOUBLES - Overall,Women,42,9,"Margaux Richard, Justine Saillard",,35-39,01:12:57
2026 Nice,HYROX PRO DOUBLES - Overall,Women,43,16,"Laurie Nakache, Othilie Slos",,25-29,01:13:11
2026 Nice,HYROX PRO DOUBLES - Overall,Women,44,10,"Johana Zouari, Zoé Braccini",,35-39,01:13:13
2026 Nice,HYROX PRO DOUBLES - Overall,Women,45,4,"Delphine Vautard, Audrey Mattone",,40-44,01:13:17
2026 Nice,HYROX PRO DOUBLES - Overall,Women,46,13,"Noémie Macedo, Aline Menoni",,30-34,01:13:41
2026 Nice,HYROX PRO DOUBLES - Overall,Women,47,14,"Éline Lefevre, Alice Laurent",,30-34,01:14:04
2026 Nice,HYROX PRO DOUBLES - Overall,Women,48,11,"Amandine Lagarde, Charlene La Rizza",,35-39,01:14:48
2026 Nice,HYROX PRO DOUBLES - Overall,Women,49,17,"Noémie Fetilleux, Melanie Wanin",,25-29,01:15:00
2026 Nice,HYROX PRO DOUBLES - Overall,Women,50,15,"Margot Traband, Jennifer Traband",,30-34,01:15:32
2026 Nice,HYROX PRO DOUBLES - Overall,Women,51,16,"Marie Montagnat, Krystal Fernandes",,30-34,01:15:42
2026 Nice,HYROX PRO DOUBLES - Overall,Women,52,18,"Emmy Provillard, Charlotte Amiot",,25-29,01:16:13
2026 Nice,HYROX PRO DOUBLES - Overall,Women,53,12,"Charlene Lejeune, Medici Anais",,35-39,01:16:13
2026 Nice,HYROX PRO DOUBLES - Overall,Women,54,13,"Ingrid Meunier, Paola Tertrais",,35-39,01:16:13
2026 Nice,HYROX PRO DOUBLES - Overall,Women,55,19,"Victoria Cascan, Julie Delahay",,25-29,01:16:17
2026 Nice,HYROX PRO DOUBLES - Overall,Women,56,17,"Léonore Duchez, Edith Bonneville",,30-34,01:16:29
2026 Nice,HYROX PRO DOUBLES - Overall,Women,57,18,"Agathe Connès, Émie Aribaud",,30-34,01:16:52
2026 Nice,HYROX PRO DOUBLES - Overall,Women,58,14,"Morgane Aubriet, Julie El Amraoui",,35-39,01:17:40
2026 Nice,HYROX PRO DOUBLES - Overall,Women,59,19,"Eva Ailloud, Margot Hetmanczyk",,30-34,01:17:44
2026 Nice,HYROX PRO DOUBLES - Overall,Women,60,20,"Margot Passedoit, Alison Bauvens",,30-34,01:18:26
2026 Nice,HYROX PRO DOUBLES - Overall,Women,61,15,"Fanny Raa, Camille Bonato",,35-39,01:18:46
2026 Nice,HYROX PRO DOUBLES - Overall,Women,62,21,"Manon Javelot, Alexia Gil",,30-34,01:18:47
2026 Nice,HYROX PRO DOUBLES - Overall,Women,63,20,"Madeline Rodriguez, Léonie Spettel",,25-29,01:18:55
2026 Nice,HYROX PRO DOUBLES - Overall,Women,64,21,"Julie Chapuis, Lea Perotto",,25-29,01:19:12
2026 Nice,HYROX PRO DOUBLES - Overall,Women,65,22,"Caroline Schanke Monsen, Maria Maastad",,30-34,01:19:19
2026 Nice,HYROX PRO DOUBLES - Overall,Women,66,23,"Tiphanie Hug, Kenza Boufrioua",,30-34,01:19:45
2026 Nice,HYROX PRO DOUBLES - Overall,Women,67,22,"Manon Sanders, Lucile Machot",,25-29,01:19:48
2026 Nice,HYROX PRO DOUBLES - Overall,Women,68,23,"Elsa Bruno, Camille Legrand",,25-29,01:19:51
2026 Nice,HYROX PRO DOUBLES - Overall,Women,69,2,"Sandrine Martinez, Sylvie Fiat",,45-49,01:20:18
2026 Nice,HYROX PRO DOUBLES - Overall,Women,70,24,"Mélanie Minet, Marion Rubino",,30-34,01:20:22
2026 Nice,HYROX PRO DOUBLES - Overall,Women,71,16,"Narimen Benfedila, Valerie Frerebeau",,35-39,01:20:30
2026 Nice,HYROX PRO DOUBLES - Overall,Women,72,25,"Meggane Ozanne, Leïla Peponnet",,30-34,01:20:35
2026 Nice,HYROX PRO DOUBLES - Overall,Women,73,24,"Lou Lallemand, Axelle Jude",,25-29,01:20:43
2026 Nice,HYROX PRO DOUBLES - Overall,Women,74,26,"Jennifer Techer, Elise Elmerich",,30-34,01:20:43
2026 Nice,HYROX PRO DOUBLES - Overall,Women,75,25,"Camille Mary, Marine Sourin",,25-29,01:20:45
2026 Nice,HYROX PRO DOUBLES - Overall,Women,76,27,"Melody Exhenry, Sydney Exhenry",,30-34,01:21:01
2026 Nice,HYROX PRO DOUBLES - Overall,Women,77,17,"Orianne Amido, Adeline Oneda",,35-39,01:21:13
2026 Nice,HYROX PRO DOUBLES - Overall,Women,78,26,"Tiphaine Rotger, Carla Deschaud",,25-29,01:21:47
2026 Nice,HYROX PRO DOUBLES - Overall,Women,79,27,"Mathilde Le Théo, Eva Artusi",,25-29,01:21:51
2026 Nice,HYROX PRO DOUBLES - Overall,Women,80,28,"Hnid Nassima, Maryam Aw",,30-34,01:22:42
2026 Nice,HYROX PRO DOUBLES - Overall,Women,81,28,"Coralie Ridino, Lisa Martini",,25-29,01:22:49
2026 Nice,HYROX PRO DOUBLES - Overall,Women,82,29,"Abbate Camille, Anais Bidden-Berden",,30-34,01:23:29
2026 Nice,HYROX PRO DOUBLES - Overall,Women,83,5,"Katerina Horelkova, Arlem Aassass",,40-44,01:23:56
2026 Nice,HYROX PRO DOUBLES - Overall,Women,84,30,"Fanny Teissonniere, Mélissa Le Sieur",,30-34,01:24:19
2026 Nice,HYROX PRO DOUBLES - Overall,Women,85,31,"Julie Banos, Marion Ricard",,30-34,01:25:05
2026 Nice,HYROX PRO DOUBLES - Overall,Women,86,32,"Eva Maillard, Sophie Dumaine",,30-34,01:25:08
2026 Nice,HYROX PRO DOUBLES - Overall,Women,87,33,"Ekaterina Bashkardina, Mélanie Jacquerez",,30-34,01:26:31
2026 Nice,HYROX PRO DOUBLES - Overall,Women,88,2,"Marylou Weinsberg, Coline Rigaud",,16-24,01:27:35
2026 Nice,HYROX PRO DOUBLES - Overall,Women,89,34,"Alexane Valet, Coralie Andre",,30-34,01:27:39
2026 Nice,HYROX PRO DOUBLES - Overall,Women,90,29,"Priscillia Clareton, Alison Porcel",,25-29,01:27:48
2026 Nice,HYROX PRO DOUBLES - Overall,Women,91,30,"Albane Thomas, Marion Barthélémy",,25-29,01:28:36
2026 Nice,HYROX PRO DOUBLES - Overall,Women,92,31,"Melanie Lobry, Julie Vigne",,25-29,01:28:45
2026 Nice,HYROX PRO DOUBLES - Overall,Women,93,18,"Christelle Krafft, Sophie Ouazzani",,35-39,01:30:20
2026 Nice,HYROX PRO DOUBLES - Overall,Women,94,19,"Audrey Debray, Julie Despringre",,35-39,01:31:08
2026 Nice,HYROX PRO DOUBLES - Overall,Women,95,20,"Nariman Ayoub, Sekna Ayoub",,35-39,01:31:40
2026 Nice,HYROX PRO DOUBLES - Overall,Women,96,21,"Laura Marcel, Melissa Dhouailly",,35-39,01:31:45
2026 Nice,HYROX PRO DOUBLES - Overall,Women,97,22,"Melanie Chauvet, Eve Muller",,35-39,01:32:46
2026 Nice,HYROX PRO DOUBLES - Overall,Women,98,6,"Celine Courbet, Maguelonne Dardennes",,40-44,02:13:20
